,title,labelnumber,cluster_ID
0,t0717x0095y0143ps64.tif,71700950143.0,0
1,t0640x0223y0143ps64.tif,64002230143.0,1
2,t0955x0351y0079ps64.tif,95503510079.0,1
3,t0212x0095y0143ps64.tif,21200950143.0,1
4,t0335x0287y0079ps64.tif,33502870079.0,0
5,t0827x0159y0143ps64.tif,82701590143.0,1
6,t0677x0287y0207ps64.tif,67702870207.0,1
7,t0345x0223y0143ps64.tif,34502230143.0,1
8,t0168x0095y0079ps64.tif,16800950079.0,1
9,t0728x0159y0143ps64.tif,72801590143.0,1
10,t0025x0351y0143ps64.tif,2503510143.0,0
11,t0092x0287y0207ps64.tif,9202870207.0,0
12,t0452x0159y0079ps64.tif,45201590079.0,1
13,t0712x0223y0015ps64.tif,71202230015.0,0
14,t0418x0287y0015ps64.tif,41802870015.0,0
15,t0157x0159y0079ps64.tif,15701590079.0,1
16,t0288x0095y0079ps64.tif,28800950079.0,1
17,t0597x0287y0207ps64.tif,59702870207.0,0
18,t0520x0351y0143ps64.tif,52003510143.0,1
19,t0266x0287y0079ps64.tif,26602870079.0,0
20,t0341x0095y0143ps64.tif,34100950143.0,1
21,t0216x0223y0143ps64.tif,21602230143.0,1
22,t0793x0351y0143ps64.tif,79303510143.0,1
23,t0886x0223y0079ps64.tif,88602230079.0,1
24,t0974x0159y0143ps64.tif,97401590143.0,0
25,t0724x0287y0207ps64.tif,72402870207.0,1
26,t0469x0223y0079ps64.tif,46902230079.0,1
27,t0644x0095y0143ps64.tif,64400950143.0,1
28,t0521x0351y0015ps64.tif,52103510015.0,1
29,t0763x0287y0079ps64.tif,76302870079.0,0
30,t0221x0287y0207ps64.tif,22102870207.0,0
31,t0419x0287y0143ps64.tif,41902870143.0,0
32,t0296x0351y0143ps64.tif,29603510143.0,0
33,t0713x0223y0143ps64.tif,71302230143.0,0
34,t0806x0351y0079ps64.tif,80603510079.0,0
35,t0546x0159y0207ps64.tif,54601590207.0,0
36,t0186x0287y0079ps64.tif,18602870079.0,0
37,t0709x0351y0079ps64.tif,70903510079.0,0
38,t0641x0223y0015ps64.tif,64102230015.0,0
39,t0473x0351y0143ps64.tif,47303510143.0,0
40,t0004x0159y0079ps64.tif,401590079.0,1
41,t0483x0287y0079ps64.tif,48302870079.0,0
42,t0789x0223y0079ps64.tif,78902230079.0,0
43,t0501x0159y0079ps64.tif,50101590079.0,1
44,t0176x0351y0143ps64.tif,17603510143.0,1
45,t0382x0415y0079ps64.tif,38204150079.0,0
46,t0734x0223y0079ps64.tif,73402230079.0,0
47,t0519x0095y0143ps64.tif,51900950143.0,1
48,t0821x0351y0143ps64.tif,82103510143.0,1
49,t0663x0095y0079ps64.tif,66300950079.0,1
50,t0744x0287y0143ps64.tif,74402870143.0,0
51,t0231x0223y0079ps64.tif,23102230079.0,0
52,t0953x0159y0079ps64.tif,95301590079.0,0
53,t0687x0415y0079ps64.tif,68704150079.0,1
54,t0241x0287y0143ps64.tif,24102870143.0,0
55,t0366x0095y0079ps64.tif,36600950079.0,0
56,t0313x0287y0015ps64.tif,31302870015.0,0
57,t0526x0159y0143ps64.tif,52601590143.0,0
58,t0151x0351y0079ps64.tif,15103510079.0,0
59,t0583x0095y0079ps64.tif,58300950079.0,0
60,t0454x0351y0079ps64.tif,45403510079.0,0
61,t0567x0415y0079ps64.tif,56704150079.0,0
62,t0023x0159y0143ps64.tif,2301590143.0,1
63,t0616x0287y0015ps64.tif,61602870015.0,1
64,t0493x0223y0207ps64.tif,49302230207.0,1
65,t0359x0159y0079ps64.tif,35901590079.0,1
66,t0086x0095y0079ps64.tif,8600950079.0,1
67,t0568x0223y0207ps64.tif,56802230207.0,1
68,t0350x0223y0143ps64.tif,35002230143.0,1
69,t0320x0287y0079ps64.tif,32002870079.0,0
70,t0897x0095y0079ps64.tif,89700950079.0,0
71,t0207x0095y0143ps64.tif,20700950143.0,1
72,t0940x0351y0079ps64.tif,94003510079.0,1
73,t0478x0095y0079ps64.tif,47800950079.0,1
74,t0655x0223y0143ps64.tif,65502230143.0,1
75,t0702x0095y0143ps64.tif,70200950143.0,1
76,t0625x0287y0079ps64.tif,62502870079.0,1
77,t0582x0287y0207ps64.tif,58202870207.0,1
78,t0535x0351y0143ps64.tif,53503510143.0,1
79,t0688x0223y0207ps64.tif,68802230207.0,1
80,t0142x0159y0079ps64.tif,14201590079.0,0
81,t0238x0159y0143ps64.tif,23801590143.0,0
82,t0707x0223y0015ps64.tif,70702230015.0,0
83,t0798x0095y0079ps64.tif,79800950079.0,0
84,t0447x0159y0079ps64.tif,44701590079.0,1
85,t0030x0351y0143ps64.tif,3003510143.0,0
86,t0087x0287y0207ps64.tif,8702870207.0,0
87,t0279x0415y0079ps64.tif,27904150079.0,0
88,t0330x0223y0207ps64.tif,33002230207.0,1
89,t0725x0095y0079ps64.tif,72500950079.0,0
90,t0508x0223y0143ps64.tif,50802230143.0,0
91,t0602x0287y0143ps64.tif,60202870143.0,0
92,t0578x0287y0079ps64.tif,57802870079.0,0
93,t0780x0159y0143ps64.tif,78001590143.0,1
94,t0967x0351y0143ps64.tif,96703510143.0,0
95,t0672x0223y0079ps64.tif,67202230079.0,1
96,t0307x0287y0143ps64.tif,30702870143.0,0
97,t0588x0351y0143ps64.tif,58803510143.0,1
98,t0997x0287y0079ps64.tif,99702870079.0,1
99,t0220x0095y0079ps64.tif,22000950079.0,1
100,t0076x0287y0079ps64.tif,7602870079.0,0
101,t0151x0095y0143ps64.tif,15100950143.0,1
102,t0006x0223y0143ps64.tif,602230143.0,0
103,t0534x0287y0207ps64.tif,53402870207.0,1
104,t0583x0351y0143ps64.tif,58303510143.0,1
105,t0644x0351y0079ps64.tif,64403510079.0,0
106,t0951x0223y0143ps64.tif,95102230143.0,1
107,t0406x0287y0015ps64.tif,40602870015.0,0
108,t0233x0159y0143ps64.tif,23301590143.0,1
109,t0921x0287y0079ps64.tif,92102870079.0,0
110,t0296x0095y0079ps64.tif,29600950079.0,0
111,t0683x0223y0207ps64.tif,68302230207.0,1
112,t0149x0159y0079ps64.tif,14901590079.0,1
113,t0806x0095y0143ps64.tif,80600950143.0,1
114,t0589x0287y0207ps64.tif,58902870207.0,1
115,t0736x0159y0143ps64.tif,73601590143.0,1
116,t0341x0351y0079ps64.tif,34103510079.0,0
117,t0272x0415y0079ps64.tif,27204150079.0,0
118,t0021x0223y0079ps64.tif,2102230079.0,0
119,t0497x0415y0079ps64.tif,49704150079.0,0
120,t0051x0287y0143ps64.tif,5102870143.0,1
121,t0669x0287y0207ps64.tif,66902870207.0,1
122,t0176x0095y0079ps64.tif,17600950079.0,1
123,t0563x0223y0207ps64.tif,56302230207.0,1
124,t0524x0223y0079ps64.tif,52402230079.0,0
125,t0709x0095y0143ps64.tif,70900950143.0,0
126,t0473x0095y0079ps64.tif,47300950079.0,1
127,t0554x0287y0143ps64.tif,55402870143.0,0
128,t0657x0159y0079ps64.tif,65701590079.0,1
129,t0588x0095y0079ps64.tif,58800950079.0,0
130,t0297x0287y0207ps64.tif,29702870207.0,0
131,t0220x0351y0143ps64.tif,22003510143.0,0
132,t0597x0351y0015ps64.tif,59703510015.0,1
133,t0318x0287y0015ps64.tif,31802870015.0,0
134,t0830x0223y0079ps64.tif,83002230079.0,0
135,t0725x0351y0143ps64.tif,72503510143.0,0
136,t0498x0223y0207ps64.tif,49802230207.0,1
137,t0352x0159y0079ps64.tif,35201590079.0,0
138,t0610x0159y0207ps64.tif,61001590207.0,1
139,t0028x0159y0143ps64.tif,2801590143.0,1
140,t0967x0095y0079ps64.tif,96700950079.0,1
141,t0668x0095y0079ps64.tif,66800950079.0,0
142,t0445x0223y0143ps64.tif,44502230143.0,1
143,t0677x0351y0015ps64.tif,67703510015.0,1
144,t0512x0095y0143ps64.tif,51200950143.0,1
145,t0435x0287y0079ps64.tif,43502870079.0,0
146,t0140x0223y0143ps64.tif,14002230143.0,0
147,t0472x0287y0207ps64.tif,47202870207.0,0
148,t0130x0287y0079ps64.tif,13002870079.0,0
149,t0958x0159y0079ps64.tif,95801590079.0,1
150,t0017x0095y0143ps64.tif,1700950143.0,1
151,t0867x0287y0079ps64.tif,86702870079.0,1
152,t0478x0351y0143ps64.tif,47803510143.0,1
153,t0817x0223y0143ps64.tif,81702230143.0,1
154,t0702x0351y0079ps64.tif,70203510079.0,0
155,t0375x0159y0143ps64.tif,37501590143.0,1
156,t0540x0287y0015ps64.tif,54002870015.0,1
157,t0287x0223y0079ps64.tif,28702230079.0,0
158,t0045x0287y0015ps64.tif,4502870015.0,1
159,t0897x0351y0143ps64.tif,89703510143.0,1
160,t0782x0223y0079ps64.tif,78202230079.0,0
161,t0670x0159y0143ps64.tif,67001590143.0,1
162,t0334x0415y0079ps64.tif,33404150079.0,1
163,t0488x0287y0079ps64.tif,48802870079.0,0
164,t0207x0351y0079ps64.tif,20703510079.0,0
165,t0117x0287y0143ps64.tif,11702870143.0,0
166,t0798x0351y0143ps64.tif,79803510143.0,1
167,t0030x0095y0079ps64.tif,3000950079.0,1
168,t0095x0159y0143ps64.tif,9501590143.0,0
169,t0167x0223y0079ps64.tif,16702230079.0,0
170,t0535x0095y0079ps64.tif,53500950079.0,0
171,t0718x0223y0143ps64.tif,71802230143.0,0
172,t0412x0287y0143ps64.tif,41202870143.0,0
173,t0768x0287y0079ps64.tif,76802870079.0,0
174,t0462x0223y0079ps64.tif,46202230079.0,1
175,t0590x0159y0143ps64.tif,59001590143.0,0
176,t0459x0159y0079ps64.tif,45901590079.0,1
177,t0099x0287y0207ps64.tif,9902870207.0,0
178,t0354x0351y0079ps64.tif,35403510079.0,1
179,t0267x0415y0079ps64.tif,26704150079.0,0
180,t0723x0159y0143ps64.tif,72301590143.0,1
181,t0813x0095y0143ps64.tif,81300950143.0,1
182,t0934x0287y0079ps64.tif,93402870079.0,1
183,t0283x0095y0079ps64.tif,28300950079.0,1
184,t0696x0223y0207ps64.tif,69602230207.0,1
185,t0226x0159y0143ps64.tif,22601590143.0,0
186,t0944x0223y0143ps64.tif,94402230143.0,1
187,t0719x0223y0015ps64.tif,71902230015.0,0
188,t0651x0351y0079ps64.tif,65103510079.0,1
189,t0541x0287y0143ps64.tif,54102870143.0,0
190,t0466x0095y0079ps64.tif,46600950079.0,1
191,t0531x0223y0079ps64.tif,53102230079.0,0
192,t0163x0095y0079ps64.tif,16300950079.0,1
193,t0576x0223y0207ps64.tif,57602230207.0,1
194,t0044x0287y0143ps64.tif,4402870143.0,1
195,t0219x0095y0143ps64.tif,21900950143.0,1
196,t0034x0223y0079ps64.tif,3402230079.0,0
197,t0963x0223y0079ps64.tif,96302230079.0,1
198,t0676x0351y0143ps64.tif,67603510143.0,1
199,t0383x0287y0079ps64.tif,38302870079.0,0
200,t0688x0351y0015ps64.tif,68803510015.0,0
201,t0548x0159y0079ps64.tif,54801590079.0,1
202,t0697x0095y0079ps64.tif,69700950079.0,0
203,t0188x0287y0207ps64.tif,18802870207.0,0
204,t0637x0223y0015ps64.tif,63702230015.0,0
205,t0998x0159y0079ps64.tif,99801590079.0,1
206,t0530x0159y0207ps64.tif,53001590207.0,0
207,t0308x0159y0143ps64.tif,30801590143.0,1
208,t0180x0223y0143ps64.tif,18002230143.0,0
209,t0072x0159y0079ps64.tif,7201590079.0,0
210,t0405x0351y0143ps64.tif,40503510143.0,0
211,t0349x0415y0079ps64.tif,34904150079.0,1
212,t0100x0351y0143ps64.tif,10003510143.0,0
213,t0577x0159y0079ps64.tif,57701590079.0,0
214,t0485x0223y0143ps64.tif,48502230143.0,0
215,t0337x0095y0143ps64.tif,33700950143.0,1
216,t0210x0287y0079ps64.tif,21002870079.0,1
217,t0902x0159y0143ps64.tif,90201590143.0,0
218,t0260x0223y0143ps64.tif,26002230143.0,1
219,t0392x0159y0079ps64.tif,39201590079.0,0
220,t0715x0287y0079ps64.tif,71502870079.0,0
221,t0632x0095y0143ps64.tif,63200950143.0,1
222,t0557x0351y0015ps64.tif,55703510015.0,1
223,t0697x0159y0079ps64.tif,69701590079.0,1
224,t0765x0223y0143ps64.tif,76502230143.0,0
225,t0548x0095y0079ps64.tif,54800950079.0,1
226,t0870x0351y0079ps64.tif,87003510079.0,0
227,t0257x0287y0207ps64.tif,25702870207.0,1
228,t0127x0351y0079ps64.tif,12703510079.0,1
229,t0365x0287y0015ps64.tif,36502870015.0,0
230,t0550x0159y0143ps64.tif,55001590143.0,0
231,t0055x0159y0143ps64.tif,5501590143.0,0
232,t0660x0287y0015ps64.tif,66002870015.0,1
233,t0511x0415y0079ps64.tif,51104150079.0,1
234,t0422x0351y0079ps64.tif,42203510079.0,0
235,t0758x0351y0143ps64.tif,75803510143.0,1
236,t0742x0223y0079ps64.tif,74202230079.0,0
237,t0857x0351y0143ps64.tif,85703510143.0,1
238,t0448x0287y0079ps64.tif,44802870079.0,0
239,t0732x0287y0143ps64.tif,73202870143.0,0
240,t0438x0223y0143ps64.tif,43802230143.0,1
241,t0615x0095y0079ps64.tif,61500950079.0,0
242,t0925x0159y0079ps64.tif,92501590079.0,1
243,t0247x0223y0079ps64.tif,24702230079.0,1
244,t0580x0287y0015ps64.tif,58002870015.0,0
245,t0705x0223y0207ps64.tif,70502230207.0,1
246,t0310x0095y0079ps64.tif,31000950079.0,0
247,t0237x0287y0143ps64.tif,23702870143.0,0
248,t0571x0351y0079ps64.tif,57103510079.0,0
249,t0733x0287y0015ps64.tif,73302870015.0,0
250,t0106x0159y0143ps64.tif,10601590143.0,0
251,t0084x0287y0143ps64.tif,8402870143.0,0
252,t0403x0159y0143ps64.tif,40301590143.0,1
253,t0074x0351y0079ps64.tif,7403510079.0,0
254,t0581x0287y0143ps64.tif,58102870143.0,0
255,t0779x0159y0079ps64.tif,77901590079.0,1
256,t0314x0223y0079ps64.tif,31402230079.0,0
257,t0139x0095y0143ps64.tif,13900950143.0,1
258,t0691x0351y0079ps64.tif,69103510079.0,0
259,t0984x0223y0143ps64.tif,98402230143.0,1
260,t0876x0159y0079ps64.tif,87601590079.0,1
261,t0364x0287y0143ps64.tif,36402870143.0,0
262,t0243x0095y0079ps64.tif,24300950079.0,1
263,t0656x0223y0207ps64.tif,65602230207.0,1
264,t0394x0351y0079ps64.tif,39403510079.0,1
265,t0611x0223y0079ps64.tif,61102230079.0,0
266,t0904x0351y0143ps64.tif,90403510143.0,0
267,t0499x0159y0079ps64.tif,49901590079.0,1
268,t0746x0095y0079ps64.tif,74600950079.0,0
269,t0059x0287y0207ps64.tif,5902870207.0,1
270,t0661x0287y0143ps64.tif,66102870143.0,0
271,t0329x0351y0079ps64.tif,32903510079.0,1
272,t0481x0095y0143ps64.tif,48100950143.0,0
273,t0424x0159y0079ps64.tif,42401590079.0,1
274,t0053x0351y0143ps64.tif,5303510143.0,0
275,t0184x0095y0143ps64.tif,18400950143.0,1
276,t0939x0223y0143ps64.tif,93902230143.0,1
277,t0556x0351y0143ps64.tif,55603510143.0,1
278,t0121x0159y0079ps64.tif,12101590079.0,1
279,t0949x0287y0079ps64.tif,94902870079.0,1
280,t0761x0095y0143ps64.tif,76100950143.0,0
281,t0646x0287y0079ps64.tif,64602870079.0,1
282,t0280x0415y0143ps64.tif,28004150143.0,1
283,t0304x0287y0207ps64.tif,30402870207.0,0
284,t0636x0223y0143ps64.tif,63602230143.0,1
285,t0923x0351y0079ps64.tif,92303510079.0,0
286,t0343x0287y0079ps64.tif,34302870079.0,0
287,t0049x0223y0079ps64.tif,4902230079.0,0
288,t0264x0095y0143ps64.tif,26400950143.0,0
289,t0333x0223y0143ps64.tif,33302230143.0,1
290,t0601x0287y0207ps64.tif,60102870207.0,0
291,t0039x0287y0143ps64.tif,3902870143.0,0
292,t0858x0223y0079ps64.tif,85802230079.0,0
293,t0504x0415y0079ps64.tif,50404150079.0,0
294,t0437x0351y0079ps64.tif,43703510079.0,0
295,t0040x0159y0143ps64.tif,4001590143.0,1
296,t0675x0287y0015ps64.tif,67502870015.0,0
297,t0248x0351y0143ps64.tif,24803510143.0,0
298,t0370x0287y0015ps64.tif,37002870015.0,0
299,t0545x0159y0143ps64.tif,54501590143.0,1
300,t0726x0223y0015ps64.tif,72602230015.0,0
301,t0889x0159y0079ps64.tif,88901590079.0,1
302,t0219x0159y0143ps64.tif,21901590143.0,0
303,t0222x0223y0143ps64.tif,22202230143.0,1
304,t0710x0287y0207ps64.tif,71002870207.0,1
305,t0940x0159y0143ps64.tif,94001590143.0,1
306,t0128x0287y0143ps64.tif,12802870143.0,0
307,t0252x0287y0079ps64.tif,25202870079.0,0
308,t0595x0223y0015ps64.tif,59502230015.0,1
309,t0158x0223y0079ps64.tif,15802230079.0,0
310,t0375x0095y0143ps64.tif,37500950143.0,0
311,t0832x0351y0079ps64.tif,83203510079.0,1
312,t0727x0223y0143ps64.tif,72702230143.0,0
313,t0515x0351y0015ps64.tif,51503510015.0,1
314,t0670x0095y0143ps64.tif,67000950143.0,1
315,t0757x0287y0079ps64.tif,75702870079.0,0
316,t0447x0351y0143ps64.tif,44703510143.0,0
317,t0030x0159y0079ps64.tif,3001590079.0,0
318,t0858x0287y0079ps64.tif,85802870079.0,0
319,t0095x0095y0143ps64.tif,9500950143.0,1
320,t0572x0159y0207ps64.tif,57201590207.0,0
321,t0675x0223y0015ps64.tif,67502230015.0,1
322,t0828x0223y0143ps64.tif,82802230143.0,0
323,t0535x0159y0079ps64.tif,53501590079.0,1
324,t0142x0351y0143ps64.tif,14203510143.0,0
325,t0238x0351y0079ps64.tif,23803510079.0,0
326,t0590x0095y0143ps64.tif,59000950143.0,1
327,t0588x0159y0079ps64.tif,58801590079.0,1
328,t0657x0095y0079ps64.tif,65700950079.0,1
329,t0770x0287y0143ps64.tif,77002870143.0,0
330,t0285x0351y0079ps64.tif,28503510079.0,0
331,t0648x0351y0015ps64.tif,64803510015.0,0
332,t0815x0351y0143ps64.tif,81503510143.0,0
333,t0700x0223y0079ps64.tif,70002230079.0,0
334,t0275x0287y0143ps64.tif,27502870143.0,0
335,t0352x0095y0079ps64.tif,35200950079.0,0
336,t0028x0095y0143ps64.tif,2800950143.0,1
337,t0895x0223y0143ps64.tif,89502230143.0,1
338,t0780x0351y0079ps64.tif,78003510079.0,1
339,t0967x0159y0079ps64.tif,96701590079.0,1
340,t0490x0287y0143ps64.tif,49002870143.0,0
341,t0668x0159y0079ps64.tif,66801590079.0,1
342,t0512x0159y0143ps64.tif,51201590143.0,0
343,t0327x0287y0015ps64.tif,32702870015.0,0
344,t0165x0351y0079ps64.tif,16503510079.0,0
345,t0195x0287y0143ps64.tif,19502870143.0,0
346,t0553x0415y0079ps64.tif,55304150079.0,0
347,t0958x0095y0079ps64.tif,95800950079.0,1
348,t0460x0351y0079ps64.tif,46003510079.0,1
349,t0622x0287y0015ps64.tif,62202870015.0,0
350,t0017x0159y0143ps64.tif,1701590143.0,1
351,t0314x0287y0079ps64.tif,31402870079.0,0
352,t0233x0095y0143ps64.tif,23300950143.0,1
353,t0149x0095y0079ps64.tif,14900950079.0,1
354,t0364x0223y0143ps64.tif,36402230143.0,1
355,t0296x0159y0079ps64.tif,29601590079.0,1
356,t0806x0159y0143ps64.tif,80601590143.0,1
357,t0736x0095y0143ps64.tif,73600950143.0,1
358,t0611x0287y0079ps64.tif,61102870079.0,0
359,t0353x0287y0207ps64.tif,35302870207.0,0
360,t0793x0159y0079ps64.tif,79301590079.0,1
361,t0661x0223y0143ps64.tif,66102230143.0,1
362,t0974x0351y0079ps64.tif,97403510079.0,0
363,t0439x0287y0015ps64.tif,43902870015.0,0
364,t0501x0351y0143ps64.tif,50103510143.0,0
365,t0084x0223y0143ps64.tif,8402230143.0,0
366,t0709x0159y0143ps64.tif,70901590143.0,0
367,t0473x0159y0079ps64.tif,47301590079.0,1
368,t0581x0223y0143ps64.tif,58102230143.0,0
369,t0004x0351y0143ps64.tif,403510143.0,0
370,t0646x0223y0079ps64.tif,64602230079.0,1
371,t0953x0351y0143ps64.tif,95303510143.0,0
372,t0711x0095y0079ps64.tif,71100950079.0,0
373,t0636x0287y0143ps64.tif,63602870143.0,0
374,t0484x0287y0015ps64.tif,48402870015.0,0
375,t0343x0223y0079ps64.tif,34302230079.0,0
376,t0821x0159y0079ps64.tif,82101590079.0,1
377,t0049x0287y0079ps64.tif,4902870079.0,1
378,t0333x0287y0143ps64.tif,33302870143.0,0
379,t0601x0223y0207ps64.tif,60102230207.0,1
380,t0214x0095y0079ps64.tif,21400950079.0,1
381,t0039x0223y0143ps64.tif,3902230143.0,0
382,t0261x0287y0015ps64.tif,26102870015.0,0
383,t0454x0159y0143ps64.tif,45401590143.0,1
384,t0023x0351y0079ps64.tif,2303510079.0,0
385,t0359x0351y0143ps64.tif,35903510143.0,1
386,t0526x0351y0079ps64.tif,52603510079.0,1
387,t0151x0159y0143ps64.tif,15101590143.0,1
388,t0764x0287y0015ps64.tif,76402870015.0,0
389,t0949x0223y0079ps64.tif,94902230079.0,0
390,t0795x0351y0079ps64.tif,79503510079.0,0
391,t0972x0159y0079ps64.tif,97201590079.0,1
392,t0347x0095y0079ps64.tif,34700950079.0,0
393,t0098x0159y0079ps64.tif,9801590079.0,0
394,t0260x0287y0143ps64.tif,26002870143.0,0
395,t0538x0095y0143ps64.tif,53800950143.0,1
396,t0715x0223y0079ps64.tif,71502230079.0,0
397,t0800x0351y0143ps64.tif,80003510143.0,1
398,t0290x0351y0079ps64.tif,29003510079.0,0
399,t0765x0287y0143ps64.tif,76502870143.0,0
400,t0226x0351y0079ps64.tif,22603510079.0,0
401,t0315x0415y0079ps64.tif,31504150079.0,1
402,t0651x0159y0143ps64.tif,65101590143.0,1
403,t0064x0287y0015ps64.tif,6402870015.0,1
404,t0459x0351y0143ps64.tif,45903510143.0,1
405,t0561x0287y0015ps64.tif,56102870015.0,0
406,t0354x0159y0143ps64.tif,35401590143.0,1
407,t0836x0223y0143ps64.tif,83602230143.0,1
408,t0723x0351y0079ps64.tif,72303510079.0,0
409,t0610x0415y0079ps64.tif,61004150079.0,1
410,t0433x0287y0143ps64.tif,43302870143.0,0
411,t0739x0223y0143ps64.tif,73902230143.0,0
412,t0514x0095y0079ps64.tif,51400950079.0,1
413,t0384x0287y0015ps64.tif,38402870015.0,0
414,t0443x0223y0079ps64.tif,44302230079.0,0
415,t0749x0287y0079ps64.tif,74902870079.0,0
416,t0011x0095y0079ps64.tif,1100950079.0,1
417,t0136x0287y0143ps64.tif,13602870143.0,0
418,t0061x0031y0143ps64.tif,6100310143.0,1
419,t0681x0287y0015ps64.tif,68102870015.0,0
420,t0146x0223y0079ps64.tif,14602230079.0,0
421,t0373x0159y0079ps64.tif,37301590079.0,0
422,t0281x0223y0143ps64.tif,28102230143.0,0
423,t0811x0223y0079ps64.tif,81102230079.0,0
424,t0704x0351y0143ps64.tif,70403510143.0,0
425,t0946x0095y0079ps64.tif,94600950079.0,1
426,t0536x0223y0015ps64.tif,53602230015.0,0
427,t0009x0159y0143ps64.tif,901590143.0,0
428,t0631x0159y0207ps64.tif,63101590207.0,1
429,t0201x0351y0143ps64.tif,20103510143.0,1
430,t0891x0351y0079ps64.tif,89103510079.0,1
431,t0784x0223y0143ps64.tif,78402230143.0,0
432,t0676x0159y0079ps64.tif,67601590079.0,1
433,t0339x0287y0015ps64.tif,33902870015.0,0
434,t0093x0159y0079ps64.tif,9301590079.0,0
435,t0161x0223y0143ps64.tif,16102230143.0,0
436,t0036x0095y0143ps64.tif,3600950143.0,1
437,t0979x0159y0079ps64.tif,97901590079.0,0
438,t0111x0287y0079ps64.tif,11102870079.0,1
439,t0464x0223y0143ps64.tif,46402230143.0,0
440,t0649x0095y0079ps64.tif,64900950079.0,1
441,t0596x0159y0079ps64.tif,59601590079.0,1
442,t0414x0287y0079ps64.tif,41402870079.0,0
443,t0656x0351y0015ps64.tif,65603510015.0,0
444,t0533x0095y0143ps64.tif,53300950143.0,1
445,t0725x0159y0079ps64.tif,72501590079.0,0
446,t0352x0351y0143ps64.tif,35203510143.0,0
447,t0028x0351y0079ps64.tif,2803510079.0,1
448,t0942x0223y0079ps64.tif,94202230079.0,1
449,t0657x0351y0143ps64.tif,65703510143.0,0
450,t0285x0095y0143ps64.tif,28500950143.0,0
451,t0005x0287y0207ps64.tif,502870207.0,1
452,t0860x0287y0015ps64.tif,86002870015.0,0
453,t0537x0223y0143ps64.tif,53702230143.0,0
454,t0705x0351y0015ps64.tif,70503510015.0,1
455,t0958x0351y0143ps64.tif,95803510143.0,0
456,t0460x0095y0143ps64.tif,46000950143.0,1
457,t0547x0287y0079ps64.tif,54702870079.0,0
458,t0032x0223y0143ps64.tif,3202230143.0,0
459,t0338x0287y0143ps64.tif,33802870143.0,0
460,t0500x0287y0207ps64.tif,50002870207.0,1
461,t0042x0287y0079ps64.tif,4202870079.0,0
462,t0348x0223y0079ps64.tif,34802230079.0,0
463,t0165x0095y0143ps64.tif,16500950143.0,1
464,t0915x0287y0079ps64.tif,91502870079.0,1
465,t0385x0287y0143ps64.tif,38502870143.0,0
466,t0897x0159y0079ps64.tif,89701590079.0,1
467,t0965x0223y0143ps64.tif,96502230143.0,1
468,t0670x0351y0079ps64.tif,67003510079.0,0
469,t0207x0159y0143ps64.tif,20701590143.0,1
470,t0680x0287y0143ps64.tif,68002870143.0,1
471,t0478x0159y0079ps64.tif,47801590079.0,1
472,t0702x0159y0143ps64.tif,70201590143.0,1
473,t0246x0415y0079ps64.tif,24604150079.0,1
474,t0375x0351y0079ps64.tif,37503510079.0,0
475,t0065x0287y0143ps64.tif,6502870143.0,0
476,t0557x0223y0207ps64.tif,55702230207.0,1
477,t0142x0095y0079ps64.tif,14200950079.0,1
478,t0015x0223y0079ps64.tif,1502230079.0,0
479,t0238x0095y0143ps64.tif,23800950143.0,1
480,t0590x0351y0079ps64.tif,59003510079.0,0
481,t0447x0095y0079ps64.tif,44700950079.0,0
482,t0798x0159y0079ps64.tif,79801590079.0,1
483,t0560x0287y0143ps64.tif,56002870143.0,0
484,t0095x0351y0079ps64.tif,9503510079.0,0
485,t0510x0223y0079ps64.tif,51002230079.0,0
486,t0519x0159y0143ps64.tif,51901590143.0,1
487,t0791x0223y0143ps64.tif,79102230143.0,0
488,t0884x0351y0079ps64.tif,88403510079.0,1
489,t0663x0159y0079ps64.tif,66301590079.0,1
490,t0214x0351y0143ps64.tif,21403510143.0,0
491,t0624x0159y0207ps64.tif,62401590207.0,0
492,t0629x0287y0015ps64.tif,62902870015.0,0
493,t0558x0415y0079ps64.tif,55804150079.0,0
494,t0953x0095y0079ps64.tif,95300950079.0,1
495,t0711x0351y0143ps64.tif,71103510143.0,1
496,t0804x0223y0079ps64.tif,80402230079.0,0
497,t0366x0159y0079ps64.tif,36601590079.0,1
498,t0294x0223y0143ps64.tif,29402230143.0,0
499,t0526x0095y0143ps64.tif,52600950143.0,1
500,t0635x0223y0207ps64.tif,63502230207.0,1
501,t0377x0223y0079ps64.tif,37702230079.0,0
502,t0285x0159y0143ps64.tif,28501590143.0,1
503,t0460x0159y0143ps64.tif,46001590143.0,1
504,t0255x0287y0015ps64.tif,25502870015.0,0
505,t0592x0223y0079ps64.tif,59202230079.0,0
506,t0698x0287y0079ps64.tif,69802870079.0,0
507,t0017x0351y0079ps64.tif,1703510079.0,0
508,t0668x0351y0143ps64.tif,66803510143.0,0
509,t0512x0351y0079ps64.tif,51203510079.0,0
510,t0097x0223y0079ps64.tif,9702230079.0,0
511,t0165x0159y0143ps64.tif,16501590143.0,1
512,t0373x0095y0079ps64.tif,37300950079.0,0
513,t0254x0287y0143ps64.tif,25402870143.0,0
514,t0946x0159y0079ps64.tif,94601590079.0,1
515,t0692x0415y0079ps64.tif,69204150079.0,0
516,t0009x0095y0143ps64.tif,900950143.0,1
517,t0224x0223y0079ps64.tif,22402230079.0,0
518,t0751x0287y0143ps64.tif,75102870143.0,0
519,t0676x0095y0079ps64.tif,67600950079.0,1
520,t0834x0351y0143ps64.tif,83403510143.0,1
521,t0669x0351y0015ps64.tif,66903510015.0,1
522,t0721x0223y0079ps64.tif,72102230079.0,0
523,t0486x0223y0207ps64.tif,48602230207.0,1
524,t0093x0095y0079ps64.tif,9300950079.0,1
525,t0036x0159y0143ps64.tif,3601590143.0,1
526,t0603x0287y0015ps64.tif,60302870015.0,0
527,t0979x0095y0079ps64.tif,97900950079.0,1
528,t0441x0351y0079ps64.tif,44103510079.0,0
529,t0596x0095y0079ps64.tif,59600950079.0,0
530,t0649x0159y0079ps64.tif,64901590079.0,1
531,t0289x0287y0207ps64.tif,28902870207.0,0
532,t0144x0351y0079ps64.tif,14403510079.0,0
533,t0589x0351y0015ps64.tif,58903510015.0,1
534,t0306x0287y0015ps64.tif,30602870015.0,0
535,t0533x0159y0143ps64.tif,53301590143.0,0
536,t0813x0351y0079ps64.tif,81303510079.0,0
537,t0706x0223y0143ps64.tif,70602230143.0,0
538,t0234x0287y0207ps64.tif,23402870207.0,1
539,t0283x0351y0143ps64.tif,28303510143.0,0
540,t0776x0287y0079ps64.tif,77602870079.0,0
541,t0534x0351y0015ps64.tif,53403510015.0,0
542,t0651x0095y0143ps64.tif,65100950143.0,1
543,t0109x0287y0143ps64.tif,10902870143.0,0
544,t0893x0223y0079ps64.tif,89302230079.0,0
545,t0786x0351y0143ps64.tif,78603510143.0,1
546,t0203x0223y0143ps64.tif,20302230143.0,0
547,t0354x0095y0143ps64.tif,35400950143.0,1
548,t0179x0223y0079ps64.tif,17902230079.0,1
549,t0273x0287y0079ps64.tif,27302870079.0,0
550,t0163x0351y0143ps64.tif,16303510143.0,1
551,t0514x0159y0079ps64.tif,51401590079.0,1
552,t0889x0351y0143ps64.tif,88903510143.0,0
553,t0496x0287y0079ps64.tif,49602870079.0,0
554,t0219x0351y0079ps64.tif,21903510079.0,1
555,t0879x0287y0079ps64.tif,87902870079.0,0
556,t0011x0159y0079ps64.tif,1101590079.0,1
557,t0466x0351y0143ps64.tif,46603510143.0,0
558,t0193x0287y0079ps64.tif,19302870079.0,1
559,t0809x0223y0143ps64.tif,80902230143.0,0
560,t0654x0223y0015ps64.tif,65402230015.0,0
561,t0553x0159y0207ps64.tif,55301590207.0,0
562,t0299x0223y0079ps64.tif,29902230079.0,1
563,t0614x0223y0207ps64.tif,61402230207.0,1
564,t0326x0287y0143ps64.tif,32602870143.0,0
565,t0491x0287y0015ps64.tif,49102870015.0,1
566,t0356x0223y0079ps64.tif,35602230079.0,0
567,t0623x0287y0143ps64.tif,62302870143.0,1
568,t0529x0223y0143ps64.tif,52902230143.0,0
569,t0704x0095y0079ps64.tif,70400950079.0,0
570,t0946x0351y0143ps64.tif,94603510143.0,0
571,t0653x0223y0079ps64.tif,65302230079.0,1
572,t0559x0287y0079ps64.tif,55902870079.0,0
573,t0649x0351y0143ps64.tif,64903510143.0,0
574,t0144x0159y0143ps64.tif,14401590143.0,1
575,t0771x0287y0015ps64.tif,77102870015.0,0
576,t0533x0351y0079ps64.tif,53303510079.0,0
577,t0036x0351y0079ps64.tif,3603510079.0,1
578,t0274x0287y0015ps64.tif,27402870015.0,1
579,t0441x0159y0143ps64.tif,44101590143.0,0
580,t0786x0159y0079ps64.tif,78601590079.0,1
581,t0961x0351y0079ps64.tif,96103510079.0,0
582,t0674x0223y0143ps64.tif,67402230143.0,1
583,t0459x0095y0079ps64.tif,45900950079.0,1
584,t0346x0287y0207ps64.tif,34602870207.0,0
585,t0604x0287y0079ps64.tif,60402870079.0,0
586,t0723x0095y0143ps64.tif,72300950143.0,1
587,t0813x0159y0143ps64.tif,81301590143.0,1
588,t0371x0223y0143ps64.tif,37102230143.0,1
589,t0549x0223y0207ps64.tif,54902230207.0,1
590,t0283x0159y0079ps64.tif,28301590079.0,1
591,t0226x0095y0143ps64.tif,22600950143.0,1
592,t0301x0287y0079ps64.tif,30102870079.0,0
593,t0011x0351y0143ps64.tif,1103510143.0,1
594,t0466x0159y0079ps64.tif,46601590079.0,1
595,t0594x0223y0143ps64.tif,59402230143.0,0
596,t0258x0415y0079ps64.tif,25804150079.0,1
597,t0091x0223y0143ps64.tif,9102230143.0,0
598,t0163x0159y0079ps64.tif,16301590079.0,1
599,t0514x0351y0143ps64.tif,51403510143.0,1
600,t0540x0223y0015ps64.tif,54002230015.0,1
601,t0930x0095y0079ps64.tif,93000950079.0,0
602,t0408x0351y0079ps64.tif,40803510079.0,0
603,t0287x0287y0079ps64.tif,28702870079.0,0
604,t0600x0159y0079ps64.tif,60001590079.0,1
605,t0277x0351y0143ps64.tif,27703510143.0,0
606,t0782x0287y0079ps64.tif,78202870079.0,0
607,t0488x0223y0079ps64.tif,48802230079.0,0
608,t0679x0287y0079ps64.tif,67902870079.0,1
609,t0573x0223y0079ps64.tif,57302230079.0,0
610,t0481x0159y0143ps64.tif,48101590143.0,0
611,t0854x0223y0015ps64.tif,85402230015.0,0
612,t0424x0095y0079ps64.tif,42400950079.0,0
613,t0609x0223y0143ps64.tif,60902230143.0,0
614,t0503x0287y0143ps64.tif,50302870143.0,1
615,t0184x0159y0143ps64.tif,18401590143.0,1
616,t0076x0223y0079ps64.tif,7602230079.0,0
617,t0689x0351y0143ps64.tif,68903510143.0,1
618,t0006x0287y0143ps64.tif,602870143.0,0
619,t0534x0223y0207ps64.tif,53402230207.0,1
620,t0121x0095y0079ps64.tif,12100950079.0,1
621,t0693x0223y0079ps64.tif,69302230079.0,0
622,t0986x0351y0143ps64.tif,98603510143.0,0
623,t0761x0159y0143ps64.tif,76101590143.0,1
624,t0316x0351y0079ps64.tif,31603510079.0,1
625,t0599x0287y0079ps64.tif,59902870079.0,0
626,t0613x0351y0079ps64.tif,61303510079.0,0
627,t0906x0223y0143ps64.tif,90602230143.0,0
628,t0264x0159y0143ps64.tif,26401590143.0,1
629,t0396x0223y0079ps64.tif,39602230079.0,1
630,t0976x0287y0079ps64.tif,97602870079.0,1
631,t0569x0351y0143ps64.tif,56903510143.0,1
632,t0021x0287y0079ps64.tif,2102870079.0,0
633,t0106x0095y0143ps64.tif,10600950143.0,1
634,t0051x0223y0143ps64.tif,5102230143.0,0
635,t0669x0223y0207ps64.tif,66902230207.0,1
636,t0563x0287y0207ps64.tif,56302870207.0,1
637,t0403x0095y0143ps64.tif,40300950143.0,0
638,t0524x0287y0079ps64.tif,52402870079.0,1
639,t0298x0415y0079ps64.tif,29804150079.0,1
640,t0066x0287y0207ps64.tif,6602870207.0,1
641,t0803x0287y0015ps64.tif,80302870015.0,0
642,t0779x0095y0079ps64.tif,77900950079.0,1
643,t0554x0223y0143ps64.tif,55402230143.0,0
644,t0139x0159y0143ps64.tif,13901590143.0,1
645,t0634x0351y0143ps64.tif,63403510143.0,1
646,t0921x0223y0079ps64.tif,92102230079.0,1
647,t0683x0287y0207ps64.tif,68302870207.0,0
648,t0589x0223y0207ps64.tif,58902230207.0,1
649,t0178x0415y0079ps64.tif,17804150079.0,1
650,t0209x0287y0015ps64.tif,20902870015.0,0
651,t0746x0159y0079ps64.tif,74601590079.0,1
652,t0499x0095y0079ps64.tif,49900950079.0,0
653,t0331x0351y0143ps64.tif,33103510143.0,0
654,t0477x0287y0079ps64.tif,47702870079.0,0
655,t0550x0095y0143ps64.tif,55000950143.0,0
656,t0868x0351y0143ps64.tif,86803510143.0,0
657,t0635x0351y0015ps64.tif,63503510015.0,1
658,t0407x0223y0143ps64.tif,40702230143.0,1
659,t0182x0351y0143ps64.tif,18203510143.0,1
660,t0135x0287y0207ps64.tif,13502870207.0,1
661,t0055x0095y0143ps64.tif,5500950143.0,0
662,t0278x0223y0079ps64.tif,27802230079.0,1
663,t0330x0351y0015ps64.tif,33003510015.0,0
664,t0172x0287y0079ps64.tif,17202870079.0,1
665,t0487x0351y0143ps64.tif,48703510143.0,1
666,t0208x0287y0143ps64.tif,20802870143.0,0
667,t0102x0223y0143ps64.tif,10202230143.0,0
668,t0898x0287y0079ps64.tif,89802870079.0,0
669,t0118x0351y0079ps64.tif,11803510079.0,0
670,t0797x0287y0079ps64.tif,79702870079.0,0
671,t0262x0351y0143ps64.tif,26203510143.0,0
672,t0615x0159y0079ps64.tif,61501590079.0,1
673,t0925x0095y0079ps64.tif,92500950079.0,0
674,t0292x0287y0079ps64.tif,29202870079.0,0
675,t0198x0223y0079ps64.tif,19802230079.0,1
676,t0310x0159y0079ps64.tif,31001590079.0,0
677,t0980x0159y0143ps64.tif,98001590143.0,1
678,t0767x0351y0143ps64.tif,76703510143.0,1
679,t0872x0223y0079ps64.tif,87202230079.0,0
680,t0998x0095y0079ps64.tif,99800950079.0,1
681,t0593x0415y0079ps64.tif,59304150079.0,1
682,t0308x0095y0143ps64.tif,30800950143.0,1
683,t0125x0223y0079ps64.tif,12502230079.0,1
684,t0072x0095y0079ps64.tif,7200950079.0,1
685,t0155x0287y0143ps64.tif,15502870143.0,0
686,t0420x0223y0079ps64.tif,42002230079.0,1
687,t0268x0287y0207ps64.tif,26802870207.0,1
688,t0450x0287y0143ps64.tif,45002870143.0,0
689,t0577x0095y0079ps64.tif,57700950079.0,0
690,t0502x0287y0015ps64.tif,50202870015.0,0
691,t0337x0159y0143ps64.tif,33701590143.0,1
692,t0673x0415y0079ps64.tif,67304150079.0,1
693,t0740x0351y0079ps64.tif,74003510079.0,0
694,t0855x0223y0143ps64.tif,85502230143.0,0
695,t0608x0223y0015ps64.tif,60802230015.0,0
696,t0392x0095y0079ps64.tif,39200950079.0,0
697,t0825x0287y0079ps64.tif,82502870079.0,0
698,t0245x0351y0079ps64.tif,24503510079.0,1
699,t0632x0159y0143ps64.tif,63201590143.0,1
700,t0643x0351y0015ps64.tif,64303510015.0,0
701,t0401x0287y0079ps64.tif,40102870079.0,0
702,t0143x0287y0207ps64.tif,14302870207.0,0
703,t0471x0223y0143ps64.tif,47102230143.0,0
704,t0583x0159y0079ps64.tif,58301590079.0,1
705,t0104x0287y0079ps64.tif,10402870079.0,0
706,t0023x0095y0143ps64.tif,2300950143.0,1
707,t0086x0159y0079ps64.tif,8601590079.0,0
708,t0359x0095y0079ps64.tif,35900950079.0,0
709,t0174x0223y0143ps64.tif,17402230143.0,0
710,t0736x0351y0079ps64.tif,73603510079.0,1
711,t0823x0223y0143ps64.tif,82302230143.0,1
712,t0605x0415y0079ps64.tif,60504150079.0,0
713,t0579x0159y0207ps64.tif,57901590207.0,0
714,t0574x0287y0015ps64.tif,57402870015.0,0
715,t0341x0159y0143ps64.tif,34101590143.0,1
716,t0853x0287y0079ps64.tif,85302870079.0,1
717,t0644x0159y0143ps64.tif,64401590143.0,1
718,t0233x0351y0079ps64.tif,23303510079.0,0
719,t0300x0415y0079ps64.tif,30004150079.0,1
720,t0149x0351y0143ps64.tif,14903510143.0,1
721,t0694x0287y0015ps64.tif,69402870015.0,0
722,t0153x0223y0079ps64.tif,15302230079.0,0
723,t0259x0287y0079ps64.tif,25902870079.0,0
724,t0074x0031y0143ps64.tif,7400310143.0,1
725,t0123x0287y0143ps64.tif,12302870143.0,0
726,t0004x0095y0079ps64.tif,400950079.0,1
727,t0229x0223y0143ps64.tif,22902230143.0,1
728,t0391x0287y0015ps64.tif,39102870015.0,0
729,t0456x0223y0079ps64.tif,45602230079.0,1
730,t0501x0095y0079ps64.tif,50100950079.0,0
731,t0839x0351y0079ps64.tif,83903510079.0,0
732,t0426x0287y0143ps64.tif,42602870143.0,0
733,t0253x0415y0079ps64.tif,25304150079.0,1
734,t0360x0351y0079ps64.tif,36003510079.0,0
735,t0717x0159y0143ps64.tif,71701590143.0,1
736,t0695x0287y0143ps64.tif,69502870143.0,1
737,t0212x0159y0143ps64.tif,21201590143.0,1
738,t0427x0287y0015ps64.tif,42702870015.0,0
739,t0882x0159y0079ps64.tif,88201590079.0,1
740,t0665x0351y0079ps64.tif,66503510079.0,0
741,t0970x0223y0143ps64.tif,97002230143.0,1
742,t0390x0287y0143ps64.tif,39002870143.0,0
743,t0168x0159y0079ps64.tif,16801590079.0,1
744,t0900x0287y0079ps64.tif,90002870079.0,0
745,t0728x0095y0143ps64.tif,72800950143.0,0
746,t0505x0223y0079ps64.tif,50502230079.0,0
747,t0080x0351y0079ps64.tif,8003510079.0,0
748,t0575x0287y0143ps64.tif,57502870143.0,0
749,t0452x0095y0079ps64.tif,45200950079.0,0
750,t0585x0351y0079ps64.tif,58503510079.0,0
751,t0000x0223y0079ps64.tif,2230079.0,0
752,t0542x0223y0207ps64.tif,54202230207.0,1
753,t0288x0159y0079ps64.tif,28801590079.0,1
754,t0157x0095y0079ps64.tif,15700950079.0,1
755,t0818x0159y0143ps64.tif,81801590143.0,1
756,t0070x0287y0143ps64.tif,7002870143.0,1
757,t0538x0351y0079ps64.tif,53803510079.0,0
758,t0290x0095y0143ps64.tif,29000950143.0,1
759,t0642x0351y0143ps64.tif,64203510143.0,1
760,t0957x0223y0079ps64.tif,95702230079.0,0
761,t0274x0415y0143ps64.tif,27404150143.0,1
762,t0347x0351y0143ps64.tif,34703510143.0,1
763,t0730x0159y0079ps64.tif,73001590079.0,0
764,t0170x0095y0143ps64.tif,17000950143.0,1
765,t0057x0287y0079ps64.tif,5702870079.0,1
766,t0515x0287y0207ps64.tif,51502870207.0,1
767,t0027x0223y0143ps64.tif,2702230143.0,0
768,t0552x0287y0079ps64.tif,55202870079.0,0
769,t0475x0095y0143ps64.tif,47500950143.0,0
770,t0658x0223y0079ps64.tif,65802230079.0,0
771,t0710x0351y0015ps64.tif,71003510015.0,1
772,t0522x0223y0143ps64.tif,52202230143.0,0
773,t0010x0287y0207ps64.tif,1002870207.0,1
774,t0628x0287y0143ps64.tif,62802870143.0,0
775,t0068x0287y0079ps64.tif,6802870079.0,0
776,t0800x0159y0079ps64.tif,80001590079.0,1
777,t0362x0223y0079ps64.tif,36202230079.0,1
778,t0290x0159y0143ps64.tif,29001590143.0,0
779,t0982x0287y0079ps64.tif,98202870079.0,1
780,t0018x0223y0143ps64.tif,1802230143.0,0
781,t0235x0095y0079ps64.tif,23500950079.0,1
782,t0620x0223y0207ps64.tif,62002230207.0,1
783,t0312x0287y0143ps64.tif,31202870143.0,0
784,t0795x0159y0143ps64.tif,79501590143.0,1
785,t0667x0223y0079ps64.tif,66702230079.0,1
786,t0972x0351y0143ps64.tif,97203510143.0,0
787,t0617x0287y0143ps64.tif,61702870143.0,0
788,t0098x0351y0143ps64.tif,9803510143.0,1
789,t0730x0095y0079ps64.tif,73000950079.0,0
790,t0082x0223y0079ps64.tif,8202230079.0,0
791,t0170x0159y0143ps64.tif,17001590143.0,1
792,t0388x0287y0079ps64.tif,38802870079.0,0
793,t0507x0351y0079ps64.tif,50703510079.0,0
794,t0968x0223y0079ps64.tif,96802230079.0,1
795,t0002x0351y0079ps64.tif,203510079.0,1
796,t0475x0159y0143ps64.tif,47501590143.0,1
797,t0587x0223y0079ps64.tif,58702230079.0,0
798,t0378x0351y0143ps64.tif,37803510143.0,0
799,t0630x0287y0079ps64.tif,63002870079.0,0
800,t0132x0351y0079ps64.tif,13203510079.0,0
801,t0222x0287y0143ps64.tif,22202870143.0,0
802,t0995x0095y0143ps64.tif,99500950143.0,1
803,t0710x0223y0207ps64.tif,71002230207.0,0
804,t0305x0095y0079ps64.tif,30500950079.0,0
805,t0128x0223y0143ps64.tif,12802230143.0,0
806,t0252x0223y0079ps64.tif,25202230079.0,1
807,t0595x0287y0015ps64.tif,59502870015.0,1
808,t0598x0159y0207ps64.tif,59801590207.0,1
809,t0930x0159y0079ps64.tif,93001590079.0,1
810,t0158x0287y0079ps64.tif,15802870079.0,1
811,t0600x0095y0079ps64.tif,60000950079.0,0
812,t0727x0287y0143ps64.tif,72702870143.0,0
813,t0842x0351y0143ps64.tif,84203510143.0,1
814,t0757x0223y0079ps64.tif,75702230079.0,0
815,t0562x0159y0079ps64.tif,56201590079.0,0
816,t0490x0223y0143ps64.tif,49002230143.0,0
817,t0115x0351y0143ps64.tif,11503510143.0,1
818,t0618x0159y0143ps64.tif,61801590143.0,1
819,t0410x0351y0143ps64.tif,41003510143.0,0
820,t0195x0223y0143ps64.tif,19502230143.0,0
821,t0067x0159y0079ps64.tif,6701590079.0,0
822,t0528x0287y0015ps64.tif,52802870015.0,0
823,t0525x0159y0207ps64.tif,52501590207.0,0
824,t0622x0223y0015ps64.tif,62202230015.0,1
825,t0242x0287y0207ps64.tif,24202870207.0,0
826,t0682x0159y0079ps64.tif,68201590079.0,1
827,t0865x0351y0079ps64.tif,86503510079.0,0
828,t0770x0223y0143ps64.tif,77002230143.0,0
829,t0542x0351y0015ps64.tif,54203510015.0,1
830,t0627x0095y0143ps64.tif,62700950143.0,0
831,t0700x0287y0079ps64.tif,70002870079.0,0
832,t0058x0095y0079ps64.tif,5800950079.0,1
833,t0275x0223y0143ps64.tif,27502230143.0,1
834,t0387x0159y0079ps64.tif,38701590079.0,0
835,t0205x0287y0079ps64.tif,20502870079.0,1
836,t0322x0095y0143ps64.tif,32200950143.0,0
837,t0134x0159y0079ps64.tif,13401590079.0,1
838,t0543x0351y0143ps64.tif,54303510143.0,1
839,t0639x0351y0079ps64.tif,63903510079.0,0
840,t0191x0095y0143ps64.tif,19100950143.0,1
841,t0046x0351y0143ps64.tif,4603510143.0,0
842,t0431x0159y0079ps64.tif,43101590079.0,1
843,t0494x0095y0143ps64.tif,49400950143.0,0
844,t0614x0287y0207ps64.tif,61402870207.0,1
845,t0844x0159y0143ps64.tif,84401590143.0,1
846,t0326x0223y0143ps64.tif,32602230143.0,1
847,t0271x0095y0143ps64.tif,27100950143.0,0
848,t0356x0287y0079ps64.tif,35602870079.0,0
849,t0936x0351y0079ps64.tif,93603510079.0,1
850,t0623x0223y0143ps64.tif,62302230143.0,1
851,t0529x0287y0143ps64.tif,52902870143.0,0
852,t0311x0287y0207ps64.tif,31102870207.0,1
853,t0653x0287y0079ps64.tif,65302870079.0,0
854,t0774x0095y0143ps64.tif,77400950143.0,1
855,t0559x0223y0079ps64.tif,55902230079.0,0
856,t0594x0287y0143ps64.tif,59402870143.0,0
857,t0061x0351y0079ps64.tif,6103510079.0,1
858,t0416x0159y0143ps64.tif,41601590143.0,1
859,t0091x0287y0143ps64.tif,9102870143.0,0
860,t0269x0159y0079ps64.tif,26901590079.0,1
861,t0726x0287y0015ps64.tif,72602870015.0,0
862,t0113x0159y0143ps64.tif,11301590143.0,0
863,t0564x0351y0079ps64.tif,56403510079.0,0
864,t0674x0287y0143ps64.tif,67402870143.0,0
865,t0346x0223y0207ps64.tif,34602230207.0,1
866,t0753x0095y0079ps64.tif,75300950079.0,1
867,t0911x0351y0143ps64.tif,91103510143.0,1
868,t0429x0095y0143ps64.tif,42900950143.0,1
869,t0604x0223y0079ps64.tif,60402230079.0,0
870,t0381x0351y0079ps64.tif,38103510079.0,0
871,t0256x0095y0079ps64.tif,25600950079.0,1
872,t0371x0287y0143ps64.tif,37102870143.0,0
873,t0549x0287y0207ps64.tif,54902870207.0,1
874,t0991x0223y0143ps64.tif,99102230143.0,1
875,t0684x0351y0079ps64.tif,68403510079.0,0
876,t0863x0159y0079ps64.tif,86301590079.0,1
877,t0249x0351y0015ps64.tif,24903510015.0,0
878,t0301x0223y0079ps64.tif,30102230079.0,1
879,t0046x0159y0079ps64.tif,4601590079.0,0
880,t0431x0351y0143ps64.tif,43103510143.0,0
881,t0678x0415y0079ps64.tif,67804150079.0,1
882,t0603x0223y0015ps64.tif,60302230015.0,1
883,t0509x0287y0015ps64.tif,50902870015.0,0
884,t0504x0159y0207ps64.tif,50401590207.0,1
885,t0134x0351y0143ps64.tif,13403510143.0,1
886,t0183x0287y0207ps64.tif,18302870207.0,0
887,t0543x0159y0079ps64.tif,54301590079.0,1
888,t0683x0351y0015ps64.tif,68303510015.0,0
889,t0639x0159y0143ps64.tif,63901590143.0,1
890,t0254x0223y0143ps64.tif,25402230143.0,0
891,t0079x0095y0079ps64.tif,7900950079.0,1
892,t0303x0095y0143ps64.tif,30300950143.0,1
893,t0993x0095y0079ps64.tif,99300950079.0,0
894,t0598x0415y0079ps64.tif,59804150079.0,0
895,t0224x0287y0079ps64.tif,22402870079.0,0
896,t0844x0351y0079ps64.tif,84403510079.0,0
897,t0751x0223y0143ps64.tif,75102230143.0,0
898,t0263x0287y0207ps64.tif,26302870207.0,0
899,t0721x0287y0079ps64.tif,72102870079.0,0
900,t0642x0095y0079ps64.tif,64200950079.0,1
901,t0637x0287y0015ps64.tif,63702870015.0,0
902,t0002x0159y0143ps64.tif,201590143.0,1
903,t0546x0415y0079ps64.tif,54604150079.0,0
904,t0475x0351y0079ps64.tif,47503510079.0,1
905,t0180x0287y0143ps64.tif,18002870143.0,0
906,t0378x0159y0079ps64.tif,37801590079.0,0
907,t0170x0351y0079ps64.tif,17003510079.0,0
908,t0507x0159y0143ps64.tif,50701590143.0,0
909,t0332x0287y0015ps64.tif,33202870015.0,0
910,t0485x0287y0143ps64.tif,48502870143.0,0
911,t0742x0287y0079ps64.tif,74202870079.0,0
912,t0665x0095y0143ps64.tif,66500950143.0,0
913,t0448x0223y0079ps64.tif,44802230079.0,0
914,t0500x0351y0015ps64.tif,50003510015.0,0
915,t0732x0223y0143ps64.tif,73202230143.0,0
916,t0827x0351y0079ps64.tif,82703510079.0,1
917,t0438x0287y0143ps64.tif,43802870143.0,1
918,t0200x0287y0207ps64.tif,20002870207.0,0
919,t0360x0095y0143ps64.tif,36000950143.0,1
920,t0247x0287y0079ps64.tif,24702870079.0,0
921,t0580x0223y0015ps64.tif,58002230015.0,1
922,t0705x0287y0207ps64.tif,70502870207.0,1
923,t0237x0223y0143ps64.tif,23702230143.0,1
924,t0585x0095y0143ps64.tif,58500950143.0,1
925,t0157x0351y0143ps64.tif,15703510143.0,1
926,t0520x0159y0079ps64.tif,52001590079.0,1
927,t0728x0351y0079ps64.tif,72803510079.0,0
928,t0660x0223y0015ps64.tif,66002230015.0,0
929,t0080x0095y0143ps64.tif,8000950143.0,0
930,t0567x0159y0207ps64.tif,56701590207.0,0
931,t0025x0159y0079ps64.tif,2501590079.0,0
932,t0452x0351y0143ps64.tif,45203510143.0,0
933,t0321x0415y0079ps64.tif,32104150079.0,1
934,t0212x0351y0079ps64.tif,21203510079.0,0
935,t0050x0287y0015ps64.tif,5002870015.0,0
936,t0797x0223y0079ps64.tif,79702230079.0,0
937,t0882x0351y0143ps64.tif,88203510143.0,0
938,t0665x0159y0143ps64.tif,66501590143.0,1
939,t0168x0351y0143ps64.tif,16803510143.0,1
940,t0360x0159y0143ps64.tif,36001590143.0,1
941,t0558x0159y0207ps64.tif,55801590207.0,0
942,t0555x0287y0015ps64.tif,55502870015.0,1
943,t0292x0223y0079ps64.tif,29202230079.0,0
944,t0198x0287y0079ps64.tif,19802870079.0,1
945,t0624x0415y0079ps64.tif,62404150079.0,1
946,t0717x0351y0079ps64.tif,71703510079.0,0
947,t0802x0223y0143ps64.tif,80202230143.0,1
948,t0872x0287y0079ps64.tif,87202870079.0,0
949,t0477x0223y0079ps64.tif,47702230079.0,0
950,t0585x0159y0143ps64.tif,58501590143.0,0
951,t0407x0287y0143ps64.tif,40702870143.0,0
952,t0288x0351y0143ps64.tif,28803510143.0,1
953,t0520x0095y0079ps64.tif,52000950079.0,1
954,t0818x0351y0079ps64.tif,81803510079.0,0
955,t0055x0031y0143ps64.tif,5500310143.0,1
956,t0278x0287y0079ps64.tif,27802870079.0,0
957,t0080x0159y0143ps64.tif,8001590143.0,1
958,t0172x0223y0079ps64.tif,17202230079.0,1
959,t0208x0223y0143ps64.tif,20802230143.0,0
960,t0025x0095y0079ps64.tif,2500950079.0,1
961,t0102x0287y0143ps64.tif,10202870143.0,0
962,t0898x0223y0079ps64.tif,89802230079.0,0
963,t0972x0095y0079ps64.tif,97200950079.0,1
964,t0605x0159y0207ps64.tif,60501590207.0,0
965,t0608x0287y0015ps64.tif,60802870015.0,0
966,t0098x0095y0079ps64.tif,9800950079.0,1
967,t0347x0159y0079ps64.tif,34701590079.0,1
968,t0730x0351y0143ps64.tif,73003510143.0,0
969,t0825x0223y0079ps64.tif,82502230079.0,0
970,t0538x0159y0143ps64.tif,53801590143.0,0
971,t0582x0351y0015ps64.tif,58203510015.0,0
972,t0282x0287y0207ps64.tif,28202870207.0,1
973,t0235x0351y0143ps64.tif,23503510143.0,0
974,t0642x0159y0079ps64.tif,64201590079.0,1
975,t0002x0095y0143ps64.tif,200950143.0,0
976,t0125x0287y0079ps64.tif,12502870079.0,0
977,t0699x0415y0079ps64.tif,69904150079.0,1
978,t0155x0223y0143ps64.tif,15502230143.0,0
979,t0378x0095y0079ps64.tif,37800950079.0,0
980,t0420x0287y0079ps64.tif,42002870079.0,0
981,t0507x0095y0143ps64.tif,50700950143.0,1
982,t0662x0351y0015ps64.tif,66203510015.0,0
983,t0450x0223y0143ps64.tif,45002230143.0,1
984,t0693x0287y0079ps64.tif,69302870079.0,0
985,t0599x0223y0079ps64.tif,59902230079.0,0
986,t0711x0159y0079ps64.tif,71101590079.0,0
987,t0366x0351y0143ps64.tif,36603510143.0,0
988,t0396x0287y0079ps64.tif,39602870079.0,0
989,t0519x0351y0079ps64.tif,51903510079.0,0
990,t0821x0095y0079ps64.tif,82100950079.0,1
991,t0663x0351y0143ps64.tif,66303510143.0,0
992,t0976x0223y0079ps64.tif,97602230079.0,1
993,t0679x0223y0079ps64.tif,67902230079.0,0
994,t0454x0095y0143ps64.tif,45400950143.0,1
995,t0573x0287y0079ps64.tif,57302870079.0,0
996,t0609x0287y0143ps64.tif,60902870143.0,0
997,t0854x0287y0015ps64.tif,85402870015.0,0
998,t0086x0351y0143ps64.tif,8603510143.0,1
999,t0503x0223y0143ps64.tif,50302230143.0,0
1000,t0089x0223y0079ps64.tif,8902230079.0,0
1001,t0373x0351y0143ps64.tif,37303510143.0,0
1002,t0704x0159y0079ps64.tif,70401590079.0,1
1003,t0686x0287y0079ps64.tif,68602870079.0,0
1004,t0009x0351y0079ps64.tif,903510079.0,1
1005,t0521x0287y0207ps64.tif,52102870207.0,0
1006,t0319x0287y0143ps64.tif,31902870143.0,0
1007,t0596x0351y0143ps64.tif,59603510143.0,0
1008,t0989x0287y0079ps64.tif,98902870079.0,1
1009,t0013x0223y0143ps64.tif,1302230143.0,0
1010,t0144x0095y0143ps64.tif,14400950143.0,1
1011,t0369x0223y0079ps64.tif,36902230079.0,0
1012,t0063x0287y0079ps64.tif,6302870079.0,0
1013,t0516x0223y0143ps64.tif,51602230143.0,0
1014,t0841x0287y0015ps64.tif,84102870015.0,0
1015,t0093x0351y0143ps64.tif,9303510143.0,1
1016,t0566x0287y0079ps64.tif,56602870079.0,0
1017,t0979x0351y0143ps64.tif,97903510143.0,0
1018,t0441x0095y0143ps64.tif,44100950143.0,0
1019,t0541x0223y0143ps64.tif,54102230143.0,0
1020,t0531x0287y0079ps64.tif,53102870079.0,1
1021,t0416x0095y0143ps64.tif,41600950143.0,1
1022,t0576x0287y0207ps64.tif,57602870207.0,1
1023,t0044x0223y0143ps64.tif,4402230143.0,0
1024,t0269x0095y0079ps64.tif,26900950079.0,1
1025,t0113x0095y0143ps64.tif,11300950143.0,1
1026,t0034x0287y0079ps64.tif,3402870079.0,1
1027,t0324x0351y0143ps64.tif,32403510143.0,0
1028,t0753x0159y0079ps64.tif,75301590079.0,1
1029,t0429x0159y0143ps64.tif,42901590143.0,1
1030,t0493x0351y0015ps64.tif,49303510015.0,0
1031,t0189x0095y0079ps64.tif,18900950079.0,1
1032,t0934x0223y0079ps64.tif,93402230079.0,1
1033,t0621x0351y0143ps64.tif,62103510143.0,1
1034,t0696x0287y0207ps64.tif,69602870207.0,0
1035,t0468x0415y0079ps64.tif,46804150079.0,0
1036,t0719x0287y0015ps64.tif,71902870015.0,0
1037,t0521x0223y0207ps64.tif,52102230207.0,1
1038,t0319x0223y0143ps64.tif,31902230143.0,1
1039,t0134x0095y0079ps64.tif,13400950079.0,1
1040,t0989x0223y0079ps64.tif,98902230079.0,1
1041,t0013x0287y0143ps64.tif,1302870143.0,0
1042,t0369x0287y0079ps64.tif,36902870079.0,0
1043,t0191x0159y0143ps64.tif,19101590143.0,1
1044,t0063x0223y0079ps64.tif,6302230079.0,0
1045,t0399x0351y0143ps64.tif,39903510143.0,1
1046,t0516x0287y0143ps64.tif,51602870143.0,0
1047,t0909x0351y0079ps64.tif,90903510079.0,1
1048,t0431x0095y0079ps64.tif,43100950079.0,1
1049,t0566x0223y0079ps64.tif,56602230079.0,0
1050,t0494x0159y0143ps64.tif,49401590143.0,1
1051,t0963x0287y0079ps64.tif,96302870079.0,1
1052,t0271x0159y0143ps64.tif,27101590143.0,1
1053,t0383x0223y0079ps64.tif,38302230079.0,0
1054,t0444x0287y0015ps64.tif,44402870015.0,0
1055,t0913x0223y0143ps64.tif,91302230143.0,0
1056,t0606x0351y0079ps64.tif,60603510079.0,0
1057,t0089x0287y0079ps64.tif,8902870079.0,0
1058,t0079x0351y0143ps64.tif,7903510143.0,0
1059,t0303x0351y0079ps64.tif,30303510079.0,0
1060,t0993x0351y0143ps64.tif,99303510143.0,0
1061,t0686x0223y0079ps64.tif,68602230079.0,0
1062,t0774x0159y0143ps64.tif,77401590143.0,1
1063,t0562x0095y0079ps64.tif,56200950079.0,0
1064,t0445x0287y0143ps64.tif,44502870143.0,1
1065,t0435x0223y0079ps64.tif,43502230079.0,1
1066,t0618x0095y0143ps64.tif,61800950143.0,1
1067,t0140x0287y0143ps64.tif,14002870143.0,1
1068,t0067x0095y0079ps64.tif,6700950079.0,1
1069,t0130x0223y0079ps64.tif,13002230079.0,1
1070,t0586x0415y0079ps64.tif,58604150079.0,1
1071,t0682x0095y0079ps64.tif,68200950079.0,1
1072,t0627x0159y0143ps64.tif,62701590143.0,1
1073,t0363x0415y0079ps64.tif,36304150079.0,1
1074,t0250x0351y0079ps64.tif,25003510079.0,0
1075,t0387x0095y0079ps64.tif,38700950079.0,0
1076,t0830x0287y0079ps64.tif,83002870079.0,0
1077,t0058x0159y0079ps64.tif,5801590079.0,0
1078,t0498x0287y0207ps64.tif,49802870207.0,0
1079,t0840x0223y0143ps64.tif,84002230143.0,0
1080,t0755x0351y0079ps64.tif,75503510079.0,0
1081,t0517x0287y0015ps64.tif,51702870015.0,0
1082,t0322x0159y0143ps64.tif,32201590143.0,1
1083,t0117x0223y0143ps64.tif,11702230143.0,0
1084,t0492x0351y0143ps64.tif,49203510143.0,0
1085,t0167x0287y0079ps64.tif,16702870079.0,1
1086,t0325x0351y0015ps64.tif,32503510015.0,0
1087,t0040x0095y0143ps64.tif,4000950143.0,0
1088,t0197x0351y0143ps64.tif,19703510143.0,1
1089,t0718x0287y0143ps64.tif,71802870143.0,0
1090,t0120x0287y0207ps64.tif,12002870207.0,0
1091,t0412x0223y0143ps64.tif,41202230143.0,1
1092,t0620x0351y0015ps64.tif,62003510015.0,1
1093,t0768x0223y0079ps64.tif,76802230079.0,0
1094,t0545x0095y0143ps64.tif,54500950143.0,0
1095,t0462x0287y0079ps64.tif,46202870079.0,0
1096,t0995x0159y0143ps64.tif,99501590143.0,0
1097,t0867x0223y0079ps64.tif,86702230079.0,0
1098,t0772x0351y0143ps64.tif,77203510143.0,0
1099,t0305x0159y0079ps64.tif,30501590079.0,1
1100,t0606x0095y0143ps64.tif,60600950143.0,1
1101,t0269x0351y0143ps64.tif,26903510143.0,0
1102,t0113x0351y0079ps64.tif,11303510079.0,0
1103,t0564x0159y0143ps64.tif,56401590143.0,0
1104,t0496x0223y0079ps64.tif,49602230079.0,0
1105,t0351x0287y0015ps64.tif,35102870015.0,0
1106,t0879x0223y0079ps64.tif,87902230079.0,1
1107,t0193x0223y0079ps64.tif,19302230079.0,1
1108,t0654x0287y0015ps64.tif,65402870015.0,0
1109,t0061x0159y0143ps64.tif,6101590143.0,1
1110,t0416x0351y0079ps64.tif,41603510079.0,0
1111,t0525x0415y0079ps64.tif,52504150079.0,1
1112,t0299x0287y0079ps64.tif,29902870079.0,0
1113,t0189x0351y0143ps64.tif,18903510143.0,1
1114,t0706x0287y0143ps64.tif,70602870143.0,0
1115,t0621x0095y0079ps64.tif,62100950079.0,0
1116,t0684x0159y0143ps64.tif,68401590143.0,1
1117,t0863x0351y0143ps64.tif,86303510143.0,0
1118,t0776x0223y0079ps64.tif,77602230079.0,0
1119,t0109x0223y0143ps64.tif,10902230143.0,0
1120,t0324x0095y0079ps64.tif,32400950079.0,0
1121,t0893x0287y0079ps64.tif,89302870079.0,0
1122,t0731x0223y0207ps64.tif,73102230207.0,1
1123,t0203x0287y0143ps64.tif,20302870143.0,0
1124,t0179x0287y0079ps64.tif,17902870079.0,1
1125,t0911x0159y0079ps64.tif,91101590079.0,1
1126,t0273x0223y0079ps64.tif,27302230079.0,0
1127,t0381x0159y0143ps64.tif,38101590143.0,0
1128,t0582x0223y0207ps64.tif,58202230207.0,1
1129,t0197x0095y0079ps64.tif,19700950079.0,1
1130,t0688x0287y0207ps64.tif,68802870207.0,1
1131,t0476x0415y0079ps64.tif,47604150079.0,0
1132,t0545x0351y0079ps64.tif,54503510079.0,0
1133,t0132x0159y0143ps64.tif,13201590143.0,1
1134,t0707x0287y0015ps64.tif,70702870015.0,0
1135,t0492x0095y0079ps64.tif,49200950079.0,0
1136,t0437x0159y0143ps64.tif,43701590143.0,1
1137,t0173x0415y0079ps64.tif,17304150079.0,1
1138,t0040x0351y0079ps64.tif,4003510079.0,0
1139,t0568x0287y0207ps64.tif,56802870207.0,1
1140,t0350x0287y0143ps64.tif,35002870143.0,0
1141,t0662x0223y0207ps64.tif,66202230207.0,1
1142,t0277x0095y0079ps64.tif,27700950079.0,0
1143,t0320x0223y0079ps64.tif,32002230079.0,0
1144,t0772x0095y0079ps64.tif,77200950079.0,1
1145,t0655x0287y0143ps64.tif,65502870143.0,0
1146,t0293x0415y0079ps64.tif,29304150079.0,1
1147,t0930x0351y0143ps64.tif,93003510143.0,0
1148,t0625x0223y0079ps64.tif,62502230079.0,1
1149,t0408x0095y0143ps64.tif,40800950143.0,1
1150,t0410x0159y0079ps64.tif,41001590079.0,0
1151,t0067x0351y0143ps64.tif,6703510143.0,0
1152,t0592x0287y0079ps64.tif,59202870079.0,0
1153,t0698x0223y0079ps64.tif,69802230079.0,0
1154,t0562x0351y0143ps64.tif,56203510143.0,1
1155,t0115x0159y0079ps64.tif,11501590079.0,1
1156,t0618x0351y0079ps64.tif,61803510079.0,0
1157,t0097x0287y0079ps64.tif,9702870079.0,1
1158,t0330x0287y0207ps64.tif,33002870207.0,1
1159,t0387x0351y0143ps64.tif,38703510143.0,0
1160,t0508x0287y0143ps64.tif,50802870143.0,0
1161,t0917x0351y0079ps64.tif,91703510079.0,0
1162,t0602x0223y0143ps64.tif,60202230143.0,0
1163,t0578x0223y0079ps64.tif,57802230079.0,0
1164,t0755x0095y0143ps64.tif,75500950143.0,1
1165,t0672x0287y0079ps64.tif,67202870079.0,0
1166,t0307x0223y0143ps64.tif,30702230143.0,0
1167,t0997x0223y0079ps64.tif,99702230079.0,1
1168,t0682x0351y0143ps64.tif,68203510143.0,1
1169,t0635x0287y0207ps64.tif,63502870207.0,1
1170,t0865x0159y0143ps64.tif,86501590143.0,0
1171,t0377x0287y0079ps64.tif,37702870079.0,0
1172,t0250x0095y0143ps64.tif,25000950143.0,1
1173,t0403x0351y0079ps64.tif,40303510079.0,0
1174,t0530x0415y0079ps64.tif,53004150079.0,0
1175,t0186x0223y0079ps64.tif,18602230079.0,1
1176,t0641x0287y0015ps64.tif,64102870015.0,0
1177,t0074x0159y0143ps64.tif,7401590143.0,1
1178,t0779x0351y0143ps64.tif,77903510143.0,1
1179,t0571x0159y0143ps64.tif,57101590143.0,0
1180,t0483x0223y0079ps64.tif,48302230079.0,0
1181,t0344x0287y0015ps64.tif,34402870015.0,0
1182,t0106x0351y0079ps64.tif,10603510079.0,1
1183,t0789x0287y0079ps64.tif,78902870079.0,0
1184,t0266x0223y0079ps64.tif,26602230079.0,1
1185,t0394x0159y0143ps64.tif,39401590143.0,1
1186,t0904x0159y0079ps64.tif,90401590079.0,1
1187,t0499x0351y0143ps64.tif,49903510143.0,0
1188,t0216x0287y0143ps64.tif,21602870143.0,0
1189,t0331x0095y0079ps64.tif,33100950079.0,0
1190,t0886x0287y0079ps64.tif,88602870079.0,0
1191,t0724x0223y0207ps64.tif,72402230207.0,1
1192,t0469x0287y0079ps64.tif,46902870079.0,0
1193,t0691x0159y0143ps64.tif,69101590143.0,1
1194,t0763x0223y0079ps64.tif,76302230079.0,0
1195,t0876x0351y0143ps64.tif,87603510143.0,0
1196,t0634x0095y0079ps64.tif,63400950079.0,1
1197,t0419x0223y0143ps64.tif,41902230143.0,1
1198,t0713x0287y0143ps64.tif,71302870143.0,0
1199,t0368x0415y0079ps64.tif,36804150079.0,0
